DATAFLOW,LAST UPDATE,freq,unit,citizen,sex,age,decision,geo,TIME_PERIOD,OBS_VALUE,OBS_FLAG,CONF_STATUS
ESTAT:TPS00193(1.0),03/04/25 11:00:00,Annual,Person,Extra-EU27 (from 2020),Total,Total,Geneva Convention status,Austria,2013,1180,,
ESTAT:TPS00193(1.0),03/04/25 11:00:00,Annual,Person,Extra-EU27 (from 2020),Total,Total,Geneva Convention status,Austria,2014,2050,,
ESTAT:TPS00193(1.0),03/04/25 11:00:00,Annual,Person,Extra-EU27 (from 2020),Total,Total,Geneva Convention status,Austria,2015,1740,,
ESTAT:TPS00193(1.0),03/04/25 11:00:00,Annual,Person,Extra-EU27 (from 2020),Total,Total,Geneva Convention status,Austria,2016,835,,
ESTAT:TPS00193(1.0),03/04/25 11:00:00,Annual,Person,Extra-EU27 (from 2020),Total,Total,Geneva Convention status,Austria,2017,2985,,
ESTAT:TPS00193(1.0),03/04/25 11:00:00,Annual,Person,Extra-EU27 (from 2020),Total,Total,Geneva Convention status,Austria,2018,4195,,
ESTAT:TPS00193(1.0),03/04/25 11:00:00,Annual,Person,Extra-EU27 (from 2020),Total,Total,Geneva Convention status,Austria,2019,4350,,
ESTAT:TPS00193(1.0),03/04/25 11:00:00,Annual,Person,Extra-EU27 (from 2020),Total,Total,Geneva Convention status,Austria,2020,3260,,
ESTAT:TPS00193(1.0),03/04/25 11:00:00,Annual,Person,Extra-EU27 (from 2020),Total,Total,Geneva Convention status,Austria,2021,2645,,
ESTAT:TPS00193(1.0),03/04/25 11:00:00,Annual,Person,Extra-EU27 (from 2020),Total,Total,Geneva Convention status,Austria,2022,2465,,
ESTAT:TPS00193(1.0),03/04/25 11:00:00,Annual,Person,Extra-EU27 (from 2020),Total,Total,Geneva Convention status,Austria,2023,2930,,
ESTAT:TPS00193(1.0),03/04/25 11:00:00,Annual,Person,Extra-EU27 (from 2020),Total,Total,Geneva Convention status,Austria,2024,2005,,
ESTAT:TPS00193(1.0),03/04/25 11:00:00,Annual,Person,Extra-EU27 (from 2020),Total,Total,Geneva Convention status,Belgium,2013,370,,
ESTAT:TPS00193(1.0),03/04/25 11:00:00,Annual,Person,Extra-EU27 (from 2020),Total,Total,Geneva Convention status,Belgium,2014,440,,
ESTAT:TPS00193(1.0),03/04/25 11:00:00,Annual,Person,Extra-EU27 (from 2020),Total,Total,Geneva Convention status,Belgium,2015,395,,
ESTAT:TPS00193(1.0),03/04/25 11:00:00,Annual,Person,Extra-EU27 (from 2020),Total,Total,Geneva Convention status,Belgium,2016,320,,
ESTAT:TPS00193(1.0),03/04/25 11:00:00,Annual,Person,Extra-EU27 (from 2020),Total,Total,Geneva Convention status,Belgium,2017,290,,
ESTAT:TPS00193(1.0),03/04/25 11:00:00,Annual,Person,Extra-EU27 (from 2020),Total,Total,Geneva Convention status,Belgium,2018,475,,
ESTAT:TPS00193(1.0),03/04/25 11:00:00,Annual,Person,Extra-EU27 (from 2020),Total,Total,Geneva Convention status,Belgium,2019,330,,
ESTAT:TPS00193(1.0),03/04/25 11:00:00,Annual,Person,Extra-EU27 (from 2020),Total,Total,Geneva Convention status,Belgium,2020,275,,
ESTAT:TPS00193(1.0),03/04/25 11:00:00,Annual,Person,Extra-EU27 (from 2020),Total,Total,Geneva Convention status,Belgium,2021,595,,
ESTAT:TPS00193(1.0),03/04/25 11:00:00,Annual,Person,Extra-EU27 (from 2020),Total,Total,Geneva Convention status,Belgium,2022,225,,
ESTAT:TPS00193(1.0),03/04/25 11:00:00,Annual,Person,Extra-EU27 (from 2020),Total,Total,Geneva Convention status,Belgium,2023,585,,
ESTAT:TPS00193(1.0),03/04/25 11:00:00,Annual,Person,Extra-EU27 (from 2020),Total,Total,Geneva Convention status,Belgium,2024,790,,
ESTAT:TPS00193(1.0),03/04/25 11:00:00,Annual,Person,Extra-EU27 (from 2020),Total,Total,Geneva Convention status,Bulgaria,2013,0,,
ESTAT:TPS00193(1.0),03/04/25 11:00:00,Annual,Person,Extra-EU27 (from 2020),Total,Total,Geneva Convention status,Bulgaria,2014,5,,
ESTAT:TPS00193(1.0),03/04/25 11:00:00,Annual,Person,Extra-EU27 (from 2020),Total,Total,Geneva Convention status,Bulgaria,2015,0,,
ESTAT:TPS00193(1.0),03/04/25 11:00:00,Annual,Person,Extra-EU27 (from 2020),Total,Total,Geneva Convention status,Bulgaria,2016,0,,
ESTAT:TPS00193(1.0),03/04/25 11:00:00,Annual,Person,Extra-EU27 (from 2020),Total,Total,Geneva Convention status,Bulgaria,2017,5,,
ESTAT:TPS00193(1.0),03/04/25 11:00:00,Annual,Person,Extra-EU27 (from 2020),Total,Total,Geneva Convention status,Bulgaria,2018,0,,
ESTAT:TPS00193(1.0),03/04/25 11:00:00,Annual,Person,Extra-EU27 (from 2020),Total,Total,Geneva Convention status,Bulgaria,2019,10,,
ESTAT:TPS00193(1.0),03/04/25 11:00:00,Annual,Person,Extra-EU27 (from 2020),Total,Total,Geneva Convention status,Bulgaria,2020,0,,
ESTAT:TPS00193(1.0),03/04/25 11:00:00,Annual,Person,Extra-EU27 (from 2020),Total,Total,Geneva Convention status,Bulgaria,2021,5,,
ESTAT:TPS00193(1.0),03/04/25 11:00:00,Annual,Person,Extra-EU27 (from 2020),Total,Total,Geneva Convention status,Bulgaria,2022,5,,
ESTAT:TPS00193(1.0),03/04/25 11:00:00,Annual,Person,Extra-EU27 (from 2020),Total,Total,Geneva Convention status,Bulgaria,2023,0,,
ESTAT:TPS00193(1.0),03/04/25 11:00:00,Annual,Person,Extra-EU27 (from 2020),Total,Total,Geneva Convention status,Bulgaria,2024,5,,
ESTAT:TPS00193(1.0),03/04/25 11:00:00,Annual,Person,Extra-EU27 (from 2020),Total,Total,Geneva Convention status,Switzerland,2013,50,,
ESTAT:TPS00193(1.0),03/04/25 11:00:00,Annual,Person,Extra-EU27 (from 2020),Total,Total,Geneva Convention status,Switzerland,2014,45,,
ESTAT:TPS00193(1.0),03/04/25 11:00:00,Annual,Person,Extra-EU27 (from 2020),Total,Total,Geneva Convention status,Switzerland,2015,70,,
ESTAT:TPS00193(1.0),03/04/25 11:00:00,Annual,Person,Extra-EU27 (from 2020),Total,Total,Geneva Convention status,Switzerland,2016,95,,
ESTAT:TPS00193(1.0),03/04/25 11:00:00,Annual,Person,Extra-EU27 (from 2020),Total,Total,Geneva Convention status,Switzerland,2017,115,,
ESTAT:TPS00193(1.0),03/04/25 11:00:00,Annual,Person,Extra-EU27 (from 2020),Total,Total,Geneva Convention status,Switzerland,2018,170,,
ESTAT:TPS00193(1.0),03/04/25 11:00:00,Annual,Person,Extra-EU27 (from 2020),Total,Total,Geneva Convention status,Switzerland,2019,155,,
ESTAT:TPS00193(1.0),03/04/25 11:00:00,Annual,Person,Extra-EU27 (from 2020),Total,Total,Geneva Convention status,Switzerland,2020,150,,
ESTAT:TPS00193(1.0),03/04/25 11:00:00,Annual,Person,Extra-EU27 (from 2020),Total,Total,Geneva Convention status,Switzerland,2021,120,,
ESTAT:TPS00193(1.0),03/04/25 11:00:00,Annual,Person,Extra-EU27 (from 2020),Total,Total,Geneva Convention status,Switzerland,2022,100,,
ESTAT:TPS00193(1.0),03/04/25 11:00:00,Annual,Person,Extra-EU27 (from 2020),Total,Total,Geneva Convention status,Switzerland,2023,35,,
ESTAT:TPS00193(1.0),03/04/25 11:00:00,Annual,Person,Extra-EU27 (from 2020),Total,Total,Geneva Convention status,Switzerland,2024,10,,
ESTAT:TPS00193(1.0),03/04/25 11:00:00,Annual,Person,Extra-EU27 (from 2020),Total,Total,Geneva Convention status,Cyprus,2013,10,,
ESTAT:TPS00193(1.0),03/04/25 11:00:00,Annual,Person,Extra-EU27 (from 2020),Total,Total,Geneva Convention status,Cyprus,2014,10,,
ESTAT:TPS00193(1.0),03/04/25 11:00:00,Annual,Person,Extra-EU27 (from 2020),Total,Total,Geneva Convention status,Cyprus,2015,45,,
ESTAT:TPS00193(1.0),03/04/25 11:00:00,Annual,Person,Extra-EU27 (from 2020),Total,Total,Geneva Convention status,Cyprus,2016,25,,
ESTAT:TPS00193(1.0),03/04/25 11:00:00,Annual,Person,Extra-EU27 (from 2020),Total,Total,Geneva Convention status,Cyprus,2017,15,,
ESTAT:TPS00193(1.0),03/04/25 11:00:00,Annual,Person,Extra-EU27 (from 2020),Total,Total,Geneva Convention status,Cyprus,2018,5,,
ESTAT:TPS00193(1.0),03/04/25 11:00:00,Annual,Person,Extra-EU27 (from 2020),Total,Total,Geneva Convention status,Cyprus,2019,15,,
ESTAT:TPS00193(1.0),03/04/25 11:00:00,Annual,Person,Extra-EU27 (from 2020),Total,Total,Geneva Convention status,Cyprus,2020,0,,
ESTAT:TPS00193(1.0),03/04/25 11:00:00,Annual,Person,Extra-EU27 (from 2020),Total,Total,Geneva Convention status,Cyprus,2021,15,,
ESTAT:TPS00193(1.0),03/04/25 11:00:00,Annual,Person,Extra-EU27 (from 2020),Total,Total,Geneva Convention status,Cyprus,2022,10,,
ESTAT:TPS00193(1.0),03/04/25 11:00:00,Annual,Person,Extra-EU27 (from 2020),Total,Total,Geneva Convention status,Cyprus,2023,15,,
ESTAT:TPS00193(1.0),03/04/25 11:00:00,Annual,Person,Extra-EU27 (from 2020),Total,Total,Geneva Convention status,Cyprus,2024,35,,
ESTAT:TPS00193(1.0),03/04/25 11:00:00,Annual,Person,Extra-EU27 (from 2020),Total,Total,Geneva Convention status,Czechia,2013,0,,
ESTAT:TPS00193(1.0),03/04/25 11:00:00,Annual,Person,Extra-EU27 (from 2020),Total,Total,Geneva Convention status,Czechia,2014,5,,
ESTAT:TPS00193(1.0),03/04/25 11:00:00,Annual,Person,Extra-EU27 (from 2020),Total,Total,Geneva Convention status,Czechia,2015,0,,
ESTAT:TPS00193(1.0),03/04/25 11:00:00,Annual,Person,Extra-EU27 (from 2020),Total,Total,Geneva Convention status,Czechia,2016,0,,
ESTAT:TPS00193(1.0),03/04/25 11:00:00,Annual,Person,Extra-EU27 (from 2020),Total,Total,Geneva Convention status,Czechia,2017,0,,
ESTAT:TPS00193(1.0),03/04/25 11:00:00,Annual,Person,Extra-EU27 (from 2020),Total,Total,Geneva Convention status,Czechia,2018,5,,
ESTAT:TPS00193(1.0),03/04/25 11:00:00,Annual,Person,Extra-EU27 (from 2020),Total,Total,Geneva Convention status,Czechia,2019,10,,
ESTAT:TPS00193(1.0),03/04/25 11:00:00,Annual,Person,Extra-EU27 (from 2020),Total,Total,Geneva Convention status,Czechia,2020,0,,
ESTAT:TPS00193(1.0),03/04/25 11:00:00,Annual,Person,Extra-EU27 (from 2020),Total,Total,Geneva Convention status,Czechia,2021,10,,
ESTAT:TPS00193(1.0),03/04/25 11:00:00,Annual,Person,Extra-EU27 (from 2020),Total,Total,Geneva Convention status,Czechia,2022,25,,
ESTAT:TPS00193(1.0),03/04/25 11:00:00,Annual,Person,Extra-EU27 (from 2020),Total,Total,Geneva Convention status,Czechia,2023,10,,
ESTAT:TPS00193(1.0),03/04/25 11:00:00,Annual,Person,Extra-EU27 (from 2020),Total,Total,Geneva Convention status,Czechia,2024,10,,
ESTAT:TPS00193(1.0),03/04/25 11:00:00,Annual,Person,Extra-EU27 (from 2020),Total,Total,Geneva Convention status,Germany,2013,2960,,
ESTAT:TPS00193(1.0),03/04/25 11:00:00,Annual,Person,Extra-EU27 (from 2020),Total,Total,Geneva Convention status,Germany,2014,4330,,
ESTAT:TPS00193(1.0),03/04/25 11:00:00,Annual,Person,Extra-EU27 (from 2020),Total,Total,Geneva Convention status,Germany,2015,5170,,
ESTAT:TPS00193(1.0),03/04/25 11:00:00,Annual,Person,Extra-EU27 (from 2020),Total,Total,Geneva Convention status,Germany,2016,8515,,
ESTAT:TPS00193(1.0),03/04/25 11:00:00,Annual,Person,Extra-EU27 (from 2020),Total,Total,Geneva Convention status,Germany,2017,30590,,
ESTAT:TPS00193(1.0),03/04/25 11:00:00,Annual,Person,Extra-EU27 (from 2020),Total,Total,Geneva Convention status,Germany,2018,19980,,
ESTAT:TPS00193(1.0),03/04/25 11:00:00,Annual,Person,Extra-EU27 (from 2020),Total,Total,Geneva Convention status,Germany,2019,13275,,
ESTAT:TPS00193(1.0),03/04/25 11:00:00,Annual,Person,Extra-EU27 (from 2020),Total,Total,Geneva Convention status,Germany,2020,7895,,
ESTAT:TPS00193(1.0),03/04/25 11:00:00,Annual,Person,Extra-EU27 (from 2020),Total,Total,Geneva Convention status,Germany,2021,8110,,
ESTAT:TPS00193(1.0),03/04/25 11:00:00,Annual,Person,Extra-EU27 (from 2020),Total,Total,Geneva Convention status,Germany,2022,8565,,
ESTAT:TPS00193(1.0),03/04/25 11:00:00,Annual,Person,Extra-EU27 (from 2020),Total,Total,Geneva Convention status,Germany,2023,6500,,
ESTAT:TPS00193(1.0),03/04/25 11:00:00,Annual,Person,Extra-EU27 (from 2020),Total,Total,Geneva Convention status,Germany,2024,5490,,
ESTAT:TPS00193(1.0),03/04/25 11:00:00,Annual,Person,Extra-EU27 (from 2020),Total,Total,Geneva Convention status,Denmark,2013,265,,
ESTAT:TPS00193(1.0),03/04/25 11:00:00,Annual,Person,Extra-EU27 (from 2020),Total,Total,Geneva Convention status,Denmark,2014,160,,
ESTAT:TPS00193(1.0),03/04/25 11:00:00,Annual,Person,Extra-EU27 (from 2020),Total,Total,Geneva Convention status,Denmark,2015,210,,
ESTAT:TPS00193(1.0),03/04/25 11:00:00,Annual,Person,Extra-EU27 (from 2020),Total,Total,Geneva Convention status,Denmark,2016,205,,
ESTAT:TPS00193(1.0),03/04/25 11:00:00,Annual,Person,Extra-EU27 (from 2020),Total,Total,Geneva Convention status,Denmark,2017,245,,
ESTAT:TPS00193(1.0),03/04/25 11:00:00,Annual,Person,Extra-EU27 (from 2020),Total,Total,Geneva Convention status,Denmark,2018,200,,
ESTAT:TPS00193(1.0),03/04/25 11:00:00,Annual,Person,Extra-EU27 (from 2020),Total,Total,Geneva Convention status,Denmark,2019,125,,
ESTAT:TPS00193(1.0),03/04/25 11:00:00,Annual,Person,Extra-EU27 (from 2020),Total,Total,Geneva Convention status,Denmark,2020,120,,
ESTAT:TPS00193(1.0),03/04/25 11:00:00,Annual,Person,Extra-EU27 (from 2020),Total,Total,Geneva Convention status,Denmark,2021,40,,
ESTAT:TPS00193(1.0),03/04/25 11:00:00,Annual,Person,Extra-EU27 (from 2020),Total,Total,Geneva Convention status,Denmark,2022,110,,
ESTAT:TPS00193(1.0),03/04/25 11:00:00,Annual,Person,Extra-EU27 (from 2020),Total,Total,Geneva Convention status,Denmark,2023,140,,
ESTAT:TPS00193(1.0),03/04/25 11:00:00,Annual,Person,Extra-EU27 (from 2020),Total,Total,Geneva Convention status,Denmark,2024,85,,
ESTAT:TPS00193(1.0),03/04/25 11:00:00,Annual,Person,Extra-EU27 (from 2020),Total,Total,Geneva Convention status,Estonia,2013,0,,
ESTAT:TPS00193(1.0),03/04/25 11:00:00,Annual,Person,Extra-EU27 (from 2020),Total,Total,Geneva Convention status,Estonia,2014,0,,
ESTAT:TPS00193(1.0),03/04/25 11:00:00,Annual,Person,Extra-EU27 (from 2020),Total,Total,Geneva Convention status,Estonia,2015,0,,
ESTAT:TPS00193(1.0),03/04/25 11:00:00,Annual,Person,Extra-EU27 (from 2020),Total,Total,Geneva Convention status,Estonia,2016,0,,
ESTAT:TPS00193(1.0),03/04/25 11:00:00,Annual,Person,Extra-EU27 (from 2020),Total,Total,Geneva Convention status,Estonia,2017,0,,
ESTAT:TPS00193(1.0),03/04/25 11:00:00,Annual,Person,Extra-EU27 (from 2020),Total,Total,Geneva Convention status,Estonia,2018,0,,
ESTAT:TPS00193(1.0),03/04/25 11:00:00,Annual,Person,Extra-EU27 (from 2020),Total,Total,Geneva Convention status,Estonia,2019,0,,
ESTAT:TPS00193(1.0),03/04/25 11:00:00,Annual,Person,Extra-EU27 (from 2020),Total,Total,Geneva Convention status,Estonia,2020,5,,
ESTAT:TPS00193(1.0),03/04/25 11:00:00,Annual,Person,Extra-EU27 (from 2020),Total,Total,Geneva Convention status,Estonia,2021,5,,
ESTAT:TPS00193(1.0),03/04/25 11:00:00,Annual,Person,Extra-EU27 (from 2020),Total,Total,Geneva Convention status,Estonia,2022,0,,
ESTAT:TPS00193(1.0),03/04/25 11:00:00,Annual,Person,Extra-EU27 (from 2020),Total,Total,Geneva Convention status,Estonia,2023,0,,
ESTAT:TPS00193(1.0),03/04/25 11:00:00,Annual,Person,Extra-EU27 (from 2020),Total,Total,Geneva Convention status,Estonia,2024,5,,
ESTAT:TPS00193(1.0),03/04/25 11:00:00,Annual,Person,Extra-EU27 (from 2020),Total,Total,Geneva Convention status,Greece,2013,325,,
ESTAT:TPS00193(1.0),03/04/25 11:00:00,Annual,Person,Extra-EU27 (from 2020),Total,Total,Geneva Convention status,Greece,2014,805,,
ESTAT:TPS00193(1.0),03/04/25 11:00:00,Annual,Person,Extra-EU27 (from 2020),Total,Total,Geneva Convention status,Greece,2015,1355,,
ESTAT:TPS00193(1.0),03/04/25 11:00:00,Annual,Person,Extra-EU27 (from 2020),Total,Total,Geneva Convention status,Greece,2016,770,,
ESTAT:TPS00193(1.0),03/04/25 11:00:00,Annual,Person,Extra-EU27 (from 2020),Total,Total,Geneva Convention status,Greece,2017,510,,
ESTAT:TPS00193(1.0),03/04/25 11:00:00,Annual,Person,Extra-EU27 (from 2020),Total,Total,Geneva Convention status,Greece,2018,175,,
ESTAT:TPS00193(1.0),03/04/25 11:00:00,Annual,Person,Extra-EU27 (from 2020),Total,Total,Geneva Convention status,Greece,2019,295,,
ESTAT:TPS00193(1.0),03/04/25 11:00:00,Annual,Person,Extra-EU27 (from 2020),Total,Total,Geneva Convention status,Greece,2020,480,,
ESTAT:TPS00193(1.0),03/04/25 11:00:00,Annual,Person,Extra-EU27 (from 2020),Total,Total,Geneva Convention status,Greece,2021,730,,
ESTAT:TPS00193(1.0),03/04/25 11:00:00,Annual,Person,Extra-EU27 (from 2020),Total,Total,Geneva Convention status,Greece,2022,665,,
ESTAT:TPS00193(1.0),03/04/25 11:00:00,Annual,Person,Extra-EU27 (from 2020),Total,Total,Geneva Convention status,Greece,2023,655,,
ESTAT:TPS00193(1.0),03/04/25 11:00:00,Annual,Person,Extra-EU27 (from 2020),Total,Total,Geneva Convention status,Greece,2024,565,,
ESTAT:TPS00193(1.0),03/04/25 11:00:00,Annual,Person,Extra-EU27 (from 2020),Total,Total,Geneva Convention status,Spain,2013,15,,
ESTAT:TPS00193(1.0),03/04/25 11:00:00,Annual,Person,Extra-EU27 (from 2020),Total,Total,Geneva Convention status,Spain,2014,0,,
ESTAT:TPS00193(1.0),03/04/25 11:00:00,Annual,Person,Extra-EU27 (from 2020),Total,Total,Geneva Convention status,Spain,2015,5,,
ESTAT:TPS00193(1.0),03/04/25 11:00:00,Annual,Person,Extra-EU27 (from 2020),Total,Total,Geneva Convention status,Spain,2016,15,,
ESTAT:TPS00193(1.0),03/04/25 11:00:00,Annual,Person,Extra-EU27 (from 2020),Total,Total,Geneva Convention status,Spain,2017,10,,
ESTAT:TPS00193(1.0),03/04/25 11:00:00,Annual,Person,Extra-EU27 (from 2020),Total,Total,Geneva Convention status,Spain,2018,45,,
ESTAT:TPS00193(1.0),03/04/25 11:00:00,Annual,Person,Extra-EU27 (from 2020),Total,Total,Geneva Convention status,Spain,2019,10,,
ESTAT:TPS00193(1.0),03/04/25 11:00:00,Annual,Person,Extra-EU27 (from 2020),Total,Total,Geneva Convention status,Spain,2020,20,,
ESTAT:TPS00193(1.0),03/04/25 11:00:00,Annual,Person,Extra-EU27 (from 2020),Total,Total,Geneva Convention status,Spain,2021,55,,
ESTAT:TPS00193(1.0),03/04/25 11:00:00,Annual,Person,Extra-EU27 (from 2020),Total,Total,Geneva Convention status,Spain,2022,60,,
ESTAT:TPS00193(1.0),03/04/25 11:00:00,Annual,Person,Extra-EU27 (from 2020),Total,Total,Geneva Convention status,Spain,2023,40,,
ESTAT:TPS00193(1.0),03/04/25 11:00:00,Annual,Person,Extra-EU27 (from 2020),Total,Total,Geneva Convention status,Spain,2024,20,,
ESTAT:TPS00193(1.0),03/04/25 11:00:00,Annual,Person,Extra-EU27 (from 2020),Total,Total,Geneva Convention status,European Union - 27 countries (from 2020),2013,11080,,
ESTAT:TPS00193(1.0),03/04/25 11:00:00,Annual,Person,Extra-EU27 (from 2020),Total,Total,Geneva Convention status,European Union - 27 countries (from 2020),2014,13290,,
ESTAT:TPS00193(1.0),03/04/25 11:00:00,Annual,Person,Extra-EU27 (from 2020),Total,Total,Geneva Convention status,European Union - 27 countries (from 2020),2015,14080,,
ESTAT:TPS00193(1.0),03/04/25 11:00:00,Annual,Person,Extra-EU27 (from 2020),Total,Total,Geneva Convention status,European Union - 27 countries (from 2020),2016,17485,,
ESTAT:TPS00193(1.0),03/04/25 11:00:00,Annual,Person,Extra-EU27 (from 2020),Total,Total,Geneva Convention status,European Union - 27 countries (from 2020),2017,42865,,
ESTAT:TPS00193(1.0),03/04/25 11:00:00,Annual,Person,Extra-EU27 (from 2020),Total,Total,Geneva Convention status,European Union - 27 countries (from 2020),2018,35005,,
ESTAT:TPS00193(1.0),03/04/25 11:00:00,Annual,Person,Extra-EU27 (from 2020),Total,Total,Geneva Convention status,European Union - 27 countries (from 2020),2019,31360,,
ESTAT:TPS00193(1.0),03/04/25 11:00:00,Annual,Person,Extra-EU27 (from 2020),Total,Total,Geneva Convention status,European Union - 27 countries (from 2020),2020,21090,,
ESTAT:TPS00193(1.0),03/04/25 11:00:00,Annual,Person,Extra-EU27 (from 2020),Total,Total,Geneva Convention status,European Union - 27 countries (from 2020),2021,26345,,
ESTAT:TPS00193(1.0),03/04/25 11:00:00,Annual,Person,Extra-EU27 (from 2020),Total,Total,Geneva Convention status,European Union - 27 countries (from 2020),2022,26330,,
ESTAT:TPS00193(1.0),03/04/25 11:00:00,Annual,Person,Extra-EU27 (from 2020),Total,Total,Geneva Convention status,European Union - 27 countries (from 2020),2023,23535,,
ESTAT:TPS00193(1.0),03/04/25 11:00:00,Annual,Person,Extra-EU27 (from 2020),Total,Total,Geneva Convention status,Finland,2013,55,,
ESTAT:TPS00193(1.0),03/04/25 11:00:00,Annual,Person,Extra-EU27 (from 2020),Total,Total,Geneva Convention status,Finland,2014,80,,
ESTAT:TPS00193(1.0),03/04/25 11:00:00,Annual,Person,Extra-EU27 (from 2020),Total,Total,Geneva Convention status,Finland,2015,50,,
ESTAT:TPS00193(1.0),03/04/25 11:00:00,Annual,Person,Extra-EU27 (from 2020),Total,Total,Geneva Convention status,Finland,2016,185,,
ESTAT:TPS00193(1.0),03/04/25 11:00:00,Annual,Person,Extra-EU27 (from 2020),Total,Total,Geneva Convention status,Finland,2017,530,,
ESTAT:TPS00193(1.0),03/04/25 11:00:00,Annual,Person,Extra-EU27 (from 2020),Total,Total,Geneva Convention status,Finland,2018,925,,
ESTAT:TPS00193(1.0),03/04/25 11:00:00,Annual,Person,Extra-EU27 (from 2020),Total,Total,Geneva Convention status,Finland,2019,665,,
ESTAT:TPS00193(1.0),03/04/25 11:00:00,Annual,Person,Extra-EU27 (from 2020),Total,Total,Geneva Convention status,Finland,2020,640,,
ESTAT:TPS00193(1.0),03/04/25 11:00:00,Annual,Person,Extra-EU27 (from 2020),Total,Total,Geneva Convention status,Finland,2021,865,,
ESTAT:TPS00193(1.0),03/04/25 11:00:00,Annual,Person,Extra-EU27 (from 2020),Total,Total,Geneva Convention status,Finland,2022,385,,
ESTAT:TPS00193(1.0),03/04/25 11:00:00,Annual,Person,Extra-EU27 (from 2020),Total,Total,Geneva Convention status,Finland,2023,190,,
ESTAT:TPS00193(1.0),03/04/25 11:00:00,Annual,Person,Extra-EU27 (from 2020),Total,Total,Geneva Convention status,Finland,2024,135,,
ESTAT:TPS00193(1.0),03/04/25 11:00:00,Annual,Person,Extra-EU27 (from 2020),Total,Total,Geneva Convention status,France,2013,4270,,
ESTAT:TPS00193(1.0),03/04/25 11:00:00,Annual,Person,Extra-EU27 (from 2020),Total,Total,Geneva Convention status,France,2014,4245,,
ESTAT:TPS00193(1.0),03/04/25 11:00:00,Annual,Person,Extra-EU27 (from 2020),Total,Total,Geneva Convention status,France,2015,3830,,
ESTAT:TPS00193(1.0),03/04/25 11:00:00,Annual,Person,Extra-EU27 (from 2020),Total,Total,Geneva Convention status,France,2016,4510,,
ESTAT:TPS00193(1.0),03/04/25 11:00:00,Annual,Person,Extra-EU27 (from 2020),Total,Total,Geneva Convention status,France,2017,5400,,
ESTAT:TPS00193(1.0),03/04/25 11:00:00,Annual,Person,Extra-EU27 (from 2020),Total,Total,Geneva Convention status,France,2018,6015,,
ESTAT:TPS00193(1.0),03/04/25 11:00:00,Annual,Person,Extra-EU27 (from 2020),Total,Total,Geneva Convention status,France,2019,9335,,
ESTAT:TPS00193(1.0),03/04/25 11:00:00,Annual,Person,Extra-EU27 (from 2020),Total,Total,Geneva Convention status,France,2020,6115,,
ESTAT:TPS00193(1.0),03/04/25 11:00:00,Annual,Person,Extra-EU27 (from 2020),Total,Total,Geneva Convention status,France,2021,10015,,
ESTAT:TPS00193(1.0),03/04/25 11:00:00,Annual,Person,Extra-EU27 (from 2020),Total,Total,Geneva Convention status,France,2022,10515,,
ESTAT:TPS00193(1.0),03/04/25 11:00:00,Annual,Person,Extra-EU27 (from 2020),Total,Total,Geneva Convention status,France,2023,9460,,
ESTAT:TPS00193(1.0),03/04/25 11:00:00,Annual,Person,Extra-EU27 (from 2020),Total,Total,Geneva Convention status,France,2024,8665,,
ESTAT:TPS00193(1.0),03/04/25 11:00:00,Annual,Person,Extra-EU27 (from 2020),Total,Total,Geneva Convention status,Croatia,2013,0,,
ESTAT:TPS00193(1.0),03/04/25 11:00:00,Annual,Person,Extra-EU27 (from 2020),Total,Total,Geneva Convention status,Croatia,2014,0,,
ESTAT:TPS00193(1.0),03/04/25 11:00:00,Annual,Person,Extra-EU27 (from 2020),Total,Total,Geneva Convention status,Croatia,2015,0,,
ESTAT:TPS00193(1.0),03/04/25 11:00:00,Annual,Person,Extra-EU27 (from 2020),Total,Total,Geneva Convention status,Croatia,2016,0,,
ESTAT:TPS00193(1.0),03/04/25 11:00:00,Annual,Person,Extra-EU27 (from 2020),Total,Total,Geneva Convention status,Croatia,2017,20,,
ESTAT:TPS00193(1.0),03/04/25 11:00:00,Annual,Person,Extra-EU27 (from 2020),Total,Total,Geneva Convention status,Croatia,2018,15,,
ESTAT:TPS00193(1.0),03/04/25 11:00:00,Annual,Person,Extra-EU27 (from 2020),Total,Total,Geneva Convention status,Croatia,2019,5,,
ESTAT:TPS00193(1.0),03/04/25 11:00:00,Annual,Person,Extra-EU27 (from 2020),Total,Total,Geneva Convention status,Croatia,2020,35,,
ESTAT:TPS00193(1.0),03/04/25 11:00:00,Annual,Person,Extra-EU27 (from 2020),Total,Total,Geneva Convention status,Croatia,2021,70,,
ESTAT:TPS00193(1.0),03/04/25 11:00:00,Annual,Person,Extra-EU27 (from 2020),Total,Total,Geneva Convention status,Croatia,2022,20,,
ESTAT:TPS00193(1.0),03/04/25 11:00:00,Annual,Person,Extra-EU27 (from 2020),Total,Total,Geneva Convention status,Croatia,2023,50,,
ESTAT:TPS00193(1.0),03/04/25 11:00:00,Annual,Person,Extra-EU27 (from 2020),Total,Total,Geneva Convention status,Croatia,2024,70,,
ESTAT:TPS00193(1.0),03/04/25 11:00:00,Annual,Person,Extra-EU27 (from 2020),Total,Total,Geneva Convention status,Hungary,2013,25,,
ESTAT:TPS00193(1.0),03/04/25 11:00:00,Annual,Person,Extra-EU27 (from 2020),Total,Total,Geneva Convention status,Hungary,2014,20,,
ESTAT:TPS00193(1.0),03/04/25 11:00:00,Annual,Person,Extra-EU27 (from 2020),Total,Total,Geneva Convention status,Hungary,2015,25,,
ESTAT:TPS00193(1.0),03/04/25 11:00:00,Annual,Person,Extra-EU27 (from 2020),Total,Total,Geneva Convention status,Hungary,2016,5,,
ESTAT:TPS00193(1.0),03/04/25 11:00:00,Annual,Person,Extra-EU27 (from 2020),Total,Total,Geneva Convention status,Hungary,2017,0,,
ESTAT:TPS00193(1.0),03/04/25 11:00:00,Annual,Person,Extra-EU27 (from 2020),Total,Total,Geneva Convention status,Hungary,2018,0,,
ESTAT:TPS00193(1.0),03/04/25 11:00:00,Annual,Person,Extra-EU27 (from 2020),Total,Total,Geneva Convention status,Hungary,2019,0,,
ESTAT:TPS00193(1.0),03/04/25 11:00:00,Annual,Person,Extra-EU27 (from 2020),Total,Total,Geneva Convention status,Hungary,2020,0,,
ESTAT:TPS00193(1.0),03/04/25 11:00:00,Annual,Person,Extra-EU27 (from 2020),Total,Total,Geneva Convention status,Hungary,2021,0,,
ESTAT:TPS00193(1.0),03/04/25 11:00:00,Annual,Person,Extra-EU27 (from 2020),Total,Total,Geneva Convention status,Hungary,2022,0,,
ESTAT:TPS00193(1.0),03/04/25 11:00:00,Annual,Person,Extra-EU27 (from 2020),Total,Total,Geneva Convention status,Hungary,2023,0,,
ESTAT:TPS00193(1.0),03/04/25 11:00:00,Annual,Person,Extra-EU27 (from 2020),Total,Total,Geneva Convention status,Hungary,2024,0,,
ESTAT:TPS00193(1.0),03/04/25 11:00:00,Annual,Person,Extra-EU27 (from 2020),Total,Total,Geneva Convention status,Ireland,2013,55,,
ESTAT:TPS00193(1.0),03/04/25 11:00:00,Annual,Person,Extra-EU27 (from 2020),Total,Total,Geneva Convention status,Ireland,2014,90,,
ESTAT:TPS00193(1.0),03/04/25 11:00:00,Annual,Person,Extra-EU27 (from 2020),Total,Total,Geneva Convention status,Ireland,2015,180,,
ESTAT:TPS00193(1.0),03/04/25 11:00:00,Annual,Person,Extra-EU27 (from 2020),Total,Total,Geneva Convention status,Ireland,2016,205,,
ESTAT:TPS00193(1.0),03/04/25 11:00:00,Annual,Person,Extra-EU27 (from 2020),Total,Total,Geneva Convention status,Ireland,2017,30,,
ESTAT:TPS00193(1.0),03/04/25 11:00:00,Annual,Person,Extra-EU27 (from 2020),Total,Total,Geneva Convention status,Ireland,2018,185,,
ESTAT:TPS00193(1.0),03/04/25 11:00:00,Annual,Person,Extra-EU27 (from 2020),Total,Total,Geneva Convention status,Ireland,2019,360,,
ESTAT:TPS00193(1.0),03/04/25 11:00:00,Annual,Person,Extra-EU27 (from 2020),Total,Total,Geneva Convention status,Ireland,2020,410,,
ESTAT:TPS00193(1.0),03/04/25 11:00:00,Annual,Person,Extra-EU27 (from 2020),Total,Total,Geneva Convention status,Ireland,2021,300,,
ESTAT:TPS00193(1.0),03/04/25 11:00:00,Annual,Person,Extra-EU27 (from 2020),Total,Total,Geneva Convention status,Ireland,2022,485,,
ESTAT:TPS00193(1.0),03/04/25 11:00:00,Annual,Person,Extra-EU27 (from 2020),Total,Total,Geneva Convention status,Ireland,2023,415,,
ESTAT:TPS00193(1.0),03/04/25 11:00:00,Annual,Person,Extra-EU27 (from 2020),Total,Total,Geneva Convention status,Ireland,2024,690,,
ESTAT:TPS00193(1.0),03/04/25 11:00:00,Annual,Person,Extra-EU27 (from 2020),Total,Total,Geneva Convention status,Iceland,2013,5,,
ESTAT:TPS00193(1.0),03/04/25 11:00:00,Annual,Person,Extra-EU27 (from 2020),Total,Total,Geneva Convention status,Iceland,2014,0,,
ESTAT:TPS00193(1.0),03/04/25 11:00:00,Annual,Person,Extra-EU27 (from 2020),Total,Total,Geneva Convention status,Iceland,2015,15,,
ESTAT:TPS00193(1.0),03/04/25 11:00:00,Annual,Person,Extra-EU27 (from 2020),Total,Total,Geneva Convention status,Iceland,2016,5,,
ESTAT:TPS00193(1.0),03/04/25 11:00:00,Annual,Person,Extra-EU27 (from 2020),Total,Total,Geneva Convention status,Iceland,2017,40,,
ESTAT:TPS00193(1.0),03/04/25 11:00:00,Annual,Person,Extra-EU27 (from 2020),Total,Total,Geneva Convention status,Iceland,2018,30,,
ESTAT:TPS00193(1.0),03/04/25 11:00:00,Annual,Person,Extra-EU27 (from 2020),Total,Total,Geneva Convention status,Iceland,2019,15,,
ESTAT:TPS00193(1.0),03/04/25 11:00:00,Annual,Person,Extra-EU27 (from 2020),Total,Total,Geneva Convention status,Iceland,2020,55,,
ESTAT:TPS00193(1.0),03/04/25 11:00:00,Annual,Person,Extra-EU27 (from 2020),Total,Total,Geneva Convention status,Iceland,2021,10,,
ESTAT:TPS00193(1.0),03/04/25 11:00:00,Annual,Person,Extra-EU27 (from 2020),Total,Total,Geneva Convention status,Iceland,2022,5,,
ESTAT:TPS00193(1.0),03/04/25 11:00:00,Annual,Person,Extra-EU27 (from 2020),Total,Total,Geneva Convention status,Iceland,2023,0,,
ESTAT:TPS00193(1.0),03/04/25 11:00:00,Annual,Person,Extra-EU27 (from 2020),Total,Total,Geneva Convention status,Iceland,2024,10,,
ESTAT:TPS00193(1.0),03/04/25 11:00:00,Annual,Person,Extra-EU27 (from 2020),Total,Total,Geneva Convention status,Italy,2013,5,,
ESTAT:TPS00193(1.0),03/04/25 11:00:00,Annual,Person,Extra-EU27 (from 2020),Total,Total,Geneva Convention status,Italy,2014,10,,
ESTAT:TPS00193(1.0),03/04/25 11:00:00,Annual,Person,Extra-EU27 (from 2020),Total,Total,Geneva Convention status,Italy,2015,0,,
ESTAT:TPS00193(1.0),03/04/25 11:00:00,Annual,Person,Extra-EU27 (from 2020),Total,Total,Geneva Convention status,Italy,2016,385,,
ESTAT:TPS00193(1.0),03/04/25 11:00:00,Annual,Person,Extra-EU27 (from 2020),Total,Total,Geneva Convention status,Italy,2017,385,,
ESTAT:TPS00193(1.0),03/04/25 11:00:00,Annual,Person,Extra-EU27 (from 2020),Total,Total,Geneva Convention status,Italy,2018,825,,
ESTAT:TPS00193(1.0),03/04/25 11:00:00,Annual,Person,Extra-EU27 (from 2020),Total,Total,Geneva Convention status,Italy,2019,895,,
ESTAT:TPS00193(1.0),03/04/25 11:00:00,Annual,Person,Extra-EU27 (from 2020),Total,Total,Geneva Convention status,Italy,2020,615,,
ESTAT:TPS00193(1.0),03/04/25 11:00:00,Annual,Person,Extra-EU27 (from 2020),Total,Total,Geneva Convention status,Italy,2021,750,,
ESTAT:TPS00193(1.0),03/04/25 11:00:00,Annual,Person,Extra-EU27 (from 2020),Total,Total,Geneva Convention status,Italy,2022,815,,
ESTAT:TPS00193(1.0),03/04/25 11:00:00,Annual,Person,Extra-EU27 (from 2020),Total,Total,Geneva Convention status,Italy,2023,920,,
ESTAT:TPS00193(1.0),03/04/25 11:00:00,Annual,Person,Extra-EU27 (from 2020),Total,Total,Geneva Convention status,Italy,2024,715,,
ESTAT:TPS00193(1.0),03/04/25 11:00:00,Annual,Person,Extra-EU27 (from 2020),Total,Total,Geneva Convention status,Liechtenstein,2013,0,,
ESTAT:TPS00193(1.0),03/04/25 11:00:00,Annual,Person,Extra-EU27 (from 2020),Total,Total,Geneva Convention status,Liechtenstein,2014,0,,
ESTAT:TPS00193(1.0),03/04/25 11:00:00,Annual,Person,Extra-EU27 (from 2020),Total,Total,Geneva Convention status,Liechtenstein,2015,0,,
ESTAT:TPS00193(1.0),03/04/25 11:00:00,Annual,Person,Extra-EU27 (from 2020),Total,Total,Geneva Convention status,Liechtenstein,2016,0,,
ESTAT:TPS00193(1.0),03/04/25 11:00:00,Annual,Person,Extra-EU27 (from 2020),Total,Total,Geneva Convention status,Liechtenstein,2017,0,,
ESTAT:TPS00193(1.0),03/04/25 11:00:00,Annual,Person,Extra-EU27 (from 2020),Total,Total,Geneva Convention status,Liechtenstein,2018,0,,
ESTAT:TPS00193(1.0),03/04/25 11:00:00,Annual,Person,Extra-EU27 (from 2020),Total,Total,Geneva Convention status,Liechtenstein,2019,0,,
ESTAT:TPS00193(1.0),03/04/25 11:00:00,Annual,Person,Extra-EU27 (from 2020),Total,Total,Geneva Convention status,Liechtenstein,2020,0,,
ESTAT:TPS00193(1.0),03/04/25 11:00:00,Annual,Person,Extra-EU27 (from 2020),Total,Total,Geneva Convention status,Liechtenstein,2021,0,,
ESTAT:TPS00193(1.0),03/04/25 11:00:00,Annual,Person,Extra-EU27 (from 2020),Total,Total,Geneva Convention status,Liechtenstein,2022,0,,
ESTAT:TPS00193(1.0),03/04/25 11:00:00,Annual,Person,Extra-EU27 (from 2020),Total,Total,Geneva Convention status,Liechtenstein,2023,0,,
ESTAT:TPS00193(1.0),03/04/25 11:00:00,Annual,Person,Extra-EU27 (from 2020),Total,Total,Geneva Convention status,Liechtenstein,2024,0,,
ESTAT:TPS00193(1.0),03/04/25 11:00:00,Annual,Person,Extra-EU27 (from 2020),Total,Total,Geneva Convention status,Lithuania,2013,0,,
ESTAT:TPS00193(1.0),03/04/25 11:00:00,Annual,Person,Extra-EU27 (from 2020),Total,Total,Geneva Convention status,Lithuania,2014,0,,
ESTAT:TPS00193(1.0),03/04/25 11:00:00,Annual,Person,Extra-EU27 (from 2020),Total,Total,Geneva Convention status,Lithuania,2015,0,,
ESTAT:TPS00193(1.0),03/04/25 11:00:00,Annual,Person,Extra-EU27 (from 2020),Total,Total,Geneva Convention status,Lithuania,2016,0,,
ESTAT:TPS00193(1.0),03/04/25 11:00:00,Annual,Person,Extra-EU27 (from 2020),Total,Total,Geneva Convention status,Lithuania,2017,0,,
ESTAT:TPS00193(1.0),03/04/25 11:00:00,Annual,Person,Extra-EU27 (from 2020),Total,Total,Geneva Convention status,Lithuania,2018,5,,
ESTAT:TPS00193(1.0),03/04/25 11:00:00,Annual,Person,Extra-EU27 (from 2020),Total,Total,Geneva Convention status,Lithuania,2019,0,,
ESTAT:TPS00193(1.0),03/04/25 11:00:00,Annual,Person,Extra-EU27 (from 2020),Total,Total,Geneva Convention status,Lithuania,2020,0,,
ESTAT:TPS00193(1.0),03/04/25 11:00:00,Annual,Person,Extra-EU27 (from 2020),Total,Total,Geneva Convention status,Lithuania,2021,440,,
ESTAT:TPS00193(1.0),03/04/25 11:00:00,Annual,Person,Extra-EU27 (from 2020),Total,Total,Geneva Convention status,Lithuania,2022,315,,
ESTAT:TPS00193(1.0),03/04/25 11:00:00,Annual,Person,Extra-EU27 (from 2020),Total,Total,Geneva Convention status,Lithuania,2023,400,,
ESTAT:TPS00193(1.0),03/04/25 11:00:00,Annual,Person,Extra-EU27 (from 2020),Total,Total,Geneva Convention status,Lithuania,2024,180,,
ESTAT:TPS00193(1.0),03/04/25 11:00:00,Annual,Person,Extra-EU27 (from 2020),Total,Total,Geneva Convention status,Luxembourg,2013,0,,
ESTAT:TPS00193(1.0),03/04/25 11:00:00,Annual,Person,Extra-EU27 (from 2020),Total,Total,Geneva Convention status,Luxembourg,2014,5,,
ESTAT:TPS00193(1.0),03/04/25 11:00:00,Annual,Person,Extra-EU27 (from 2020),Total,Total,Geneva Convention status,Luxembourg,2015,15,,
ESTAT:TPS00193(1.0),03/04/25 11:00:00,Annual,Person,Extra-EU27 (from 2020),Total,Total,Geneva Convention status,Luxembourg,2016,5,,
ESTAT:TPS00193(1.0),03/04/25 11:00:00,Annual,Person,Extra-EU27 (from 2020),Total,Total,Geneva Convention status,Luxembourg,2017,0,,
ESTAT:TPS00193(1.0),03/04/25 11:00:00,Annual,Person,Extra-EU27 (from 2020),Total,Total,Geneva Convention status,Luxembourg,2018,5,,
ESTAT:TPS00193(1.0),03/04/25 11:00:00,Annual,Person,Extra-EU27 (from 2020),Total,Total,Geneva Convention status,Luxembourg,2019,0,,
ESTAT:TPS00193(1.0),03/04/25 11:00:00,Annual,Person,Extra-EU27 (from 2020),Total,Total,Geneva Convention status,Luxembourg,2020,0,,
ESTAT:TPS00193(1.0),03/04/25 11:00:00,Annual,Person,Extra-EU27 (from 2020),Total,Total,Geneva Convention status,Luxembourg,2021,0,,
ESTAT:TPS00193(1.0),03/04/25 11:00:00,Annual,Person,Extra-EU27 (from 2020),Total,Total,Geneva Convention status,Luxembourg,2022,0,,
ESTAT:TPS00193(1.0),03/04/25 11:00:00,Annual,Person,Extra-EU27 (from 2020),Total,Total,Geneva Convention status,Luxembourg,2023,15,,
ESTAT:TPS00193(1.0),03/04/25 11:00:00,Annual,Person,Extra-EU27 (from 2020),Total,Total,Geneva Convention status,Luxembourg,2024,5,,
ESTAT:TPS00193(1.0),03/04/25 11:00:00,Annual,Person,Extra-EU27 (from 2020),Total,Total,Geneva Convention status,Latvia,2013,5,,
ESTAT:TPS00193(1.0),03/04/25 11:00:00,Annual,Person,Extra-EU27 (from 2020),Total,Total,Geneva Convention status,Latvia,2014,0,,
ESTAT:TPS00193(1.0),03/04/25 11:00:00,Annual,Person,Extra-EU27 (from 2020),Total,Total,Geneva Convention status,Latvia,2015,0,,
ESTAT:TPS00193(1.0),03/04/25 11:00:00,Annual,Person,Extra-EU27 (from 2020),Total,Total,Geneva Convention status,Latvia,2016,0,,
ESTAT:TPS00193(1.0),03/04/25 11:00:00,Annual,Person,Extra-EU27 (from 2020),Total,Total,Geneva Convention status,Latvia,2017,5,,
ESTAT:TPS00193(1.0),03/04/25 11:00:00,Annual,Person,Extra-EU27 (from 2020),Total,Total,Geneva Convention status,Latvia,2018,0,,
ESTAT:TPS00193(1.0),03/04/25 11:00:00,Annual,Person,Extra-EU27 (from 2020),Total,Total,Geneva Convention status,Latvia,2019,10,,
ESTAT:TPS00193(1.0),03/04/25 11:00:00,Annual,Person,Extra-EU27 (from 2020),Total,Total,Geneva Convention status,Latvia,2020,0,,
ESTAT:TPS00193(1.0),03/04/25 11:00:00,Annual,Person,Extra-EU27 (from 2020),Total,Total,Geneva Convention status,Latvia,2021,15,,
ESTAT:TPS00193(1.0),03/04/25 11:00:00,Annual,Person,Extra-EU27 (from 2020),Total,Total,Geneva Convention status,Latvia,2022,10,,
ESTAT:TPS00193(1.0),03/04/25 11:00:00,Annual,Person,Extra-EU27 (from 2020),Total,Total,Geneva Convention status,Latvia,2023,5,,
ESTAT:TPS00193(1.0),03/04/25 11:00:00,Annual,Person,Extra-EU27 (from 2020),Total,Total,Geneva Convention status,Latvia,2024,0,,
ESTAT:TPS00193(1.0),03/04/25 11:00:00,Annual,Person,Extra-EU27 (from 2020),Total,Total,Geneva Convention status,Montenegro,2018,10,,
ESTAT:TPS00193(1.0),03/04/25 11:00:00,Annual,Person,Extra-EU27 (from 2020),Total,Total,Geneva Convention status,Montenegro,2019,5,,
ESTAT:TPS00193(1.0),03/04/25 11:00:00,Annual,Person,Extra-EU27 (from 2020),Total,Total,Geneva Convention status,Montenegro,2020,10,,
ESTAT:TPS00193(1.0),03/04/25 11:00:00,Annual,Person,Extra-EU27 (from 2020),Total,Total,Geneva Convention status,Montenegro,2021,10,,
ESTAT:TPS00193(1.0),03/04/25 11:00:00,Annual,Person,Extra-EU27 (from 2020),Total,Total,Geneva Convention status,Montenegro,2022,5,,
ESTAT:TPS00193(1.0),03/04/25 11:00:00,Annual,Person,Extra-EU27 (from 2020),Total,Total,Geneva Convention status,Montenegro,2023,10,,
ESTAT:TPS00193(1.0),03/04/25 11:00:00,Annual,Person,Extra-EU27 (from 2020),Total,Total,Geneva Convention status,Montenegro,2024,25,,
ESTAT:TPS00193(1.0),03/04/25 11:00:00,Annual,Person,Extra-EU27 (from 2020),Total,Total,Geneva Convention status,Malta,2013,0,,
ESTAT:TPS00193(1.0),03/04/25 11:00:00,Annual,Person,Extra-EU27 (from 2020),Total,Total,Geneva Convention status,Malta,2014,10,,
ESTAT:TPS00193(1.0),03/04/25 11:00:00,Annual,Person,Extra-EU27 (from 2020),Total,Total,Geneva Convention status,Malta,2015,30,,
ESTAT:TPS00193(1.0),03/04/25 11:00:00,Annual,Person,Extra-EU27 (from 2020),Total,Total,Geneva Convention status,Malta,2016,25,,
ESTAT:TPS00193(1.0),03/04/25 11:00:00,Annual,Person,Extra-EU27 (from 2020),Total,Total,Geneva Convention status,Malta,2017,25,,
ESTAT:TPS00193(1.0),03/04/25 11:00:00,Annual,Person,Extra-EU27 (from 2020),Total,Total,Geneva Convention status,Malta,2018,0,,
ESTAT:TPS00193(1.0),03/04/25 11:00:00,Annual,Person,Extra-EU27 (from 2020),Total,Total,Geneva Convention status,Malta,2019,5,,
ESTAT:TPS00193(1.0),03/04/25 11:00:00,Annual,Person,Extra-EU27 (from 2020),Total,Total,Geneva Convention status,Malta,2020,0,,
ESTAT:TPS00193(1.0),03/04/25 11:00:00,Annual,Person,Extra-EU27 (from 2020),Total,Total,Geneva Convention status,Malta,2021,0,,
ESTAT:TPS00193(1.0),03/04/25 11:00:00,Annual,Person,Extra-EU27 (from 2020),Total,Total,Geneva Convention status,Malta,2022,0,,
ESTAT:TPS00193(1.0),03/04/25 11:00:00,Annual,Person,Extra-EU27 (from 2020),Total,Total,Geneva Convention status,Malta,2023,5,,
ESTAT:TPS00193(1.0),03/04/25 11:00:00,Annual,Person,Extra-EU27 (from 2020),Total,Total,Geneva Convention status,Malta,2024,0,,
ESTAT:TPS00193(1.0),03/04/25 11:00:00,Annual,Person,Extra-EU27 (from 2020),Total,Total,Geneva Convention status,Netherlands,2013,450,,
ESTAT:TPS00193(1.0),03/04/25 11:00:00,Annual,Person,Extra-EU27 (from 2020),Total,Total,Geneva Convention status,Netherlands,2014,260,,
ESTAT:TPS00193(1.0),03/04/25 11:00:00,Annual,Person,Extra-EU27 (from 2020),Total,Total,Geneva Convention status,Netherlands,2015,255,,
ESTAT:TPS00193(1.0),03/04/25 11:00:00,Annual,Person,Extra-EU27 (from 2020),Total,Total,Geneva Convention status,Netherlands,2016,340,,
ESTAT:TPS00193(1.0),03/04/25 11:00:00,Annual,Person,Extra-EU27 (from 2020),Total,Total,Geneva Convention status,Netherlands,2017,480,,
ESTAT:TPS00193(1.0),03/04/25 11:00:00,Annual,Person,Extra-EU27 (from 2020),Total,Total,Geneva Convention status,Netherlands,2018,400,,
ESTAT:TPS00193(1.0),03/04/25 11:00:00,Annual,Person,Extra-EU27 (from 2020),Total,Total,Geneva Convention status,Netherlands,2019,350,,
ESTAT:TPS00193(1.0),03/04/25 11:00:00,Annual,Person,Extra-EU27 (from 2020),Total,Total,Geneva Convention status,Netherlands,2020,440,,
ESTAT:TPS00193(1.0),03/04/25 11:00:00,Annual,Person,Extra-EU27 (from 2020),Total,Total,Geneva Convention status,Netherlands,2021,770,,
ESTAT:TPS00193(1.0),03/04/25 11:00:00,Annual,Person,Extra-EU27 (from 2020),Total,Total,Geneva Convention status,Netherlands,2022,1035,,
ESTAT:TPS00193(1.0),03/04/25 11:00:00,Annual,Person,Extra-EU27 (from 2020),Total,Total,Geneva Convention status,Netherlands,2023,580,,
ESTAT:TPS00193(1.0),03/04/25 11:00:00,Annual,Person,Extra-EU27 (from 2020),Total,Total,Geneva Convention status,Netherlands,2024,870,,
ESTAT:TPS00193(1.0),03/04/25 11:00:00,Annual,Person,Extra-EU27 (from 2020),Total,Total,Geneva Convention status,Norway,2013,345,,
ESTAT:TPS00193(1.0),03/04/25 11:00:00,Annual,Person,Extra-EU27 (from 2020),Total,Total,Geneva Convention status,Norway,2014,240,,
ESTAT:TPS00193(1.0),03/04/25 11:00:00,Annual,Person,Extra-EU27 (from 2020),Total,Total,Geneva Convention status,Norway,2015,200,,
ESTAT:TPS00193(1.0),03/04/25 11:00:00,Annual,Person,Extra-EU27 (from 2020),Total,Total,Geneva Convention status,Norway,2016,130,,
ESTAT:TPS00193(1.0),03/04/25 11:00:00,Annual,Person,Extra-EU27 (from 2020),Total,Total,Geneva Convention status,Norway,2017,145,,
ESTAT:TPS00193(1.0),03/04/25 11:00:00,Annual,Person,Extra-EU27 (from 2020),Total,Total,Geneva Convention status,Norway,2018,110,,
ESTAT:TPS00193(1.0),03/04/25 11:00:00,Annual,Person,Extra-EU27 (from 2020),Total,Total,Geneva Convention status,Norway,2019,80,,
ESTAT:TPS00193(1.0),03/04/25 11:00:00,Annual,Person,Extra-EU27 (from 2020),Total,Total,Geneva Convention status,Norway,2020,50,,
ESTAT:TPS00193(1.0),03/04/25 11:00:00,Annual,Person,Extra-EU27 (from 2020),Total,Total,Geneva Convention status,Norway,2021,75,,
ESTAT:TPS00193(1.0),03/04/25 11:00:00,Annual,Person,Extra-EU27 (from 2020),Total,Total,Geneva Convention status,Norway,2022,55,,
ESTAT:TPS00193(1.0),03/04/25 11:00:00,Annual,Person,Extra-EU27 (from 2020),Total,Total,Geneva Convention status,Norway,2023,50,,
ESTAT:TPS00193(1.0),03/04/25 11:00:00,Annual,Person,Extra-EU27 (from 2020),Total,Total,Geneva Convention status,Norway,2024,25,,
ESTAT:TPS00193(1.0),03/04/25 11:00:00,Annual,Person,Extra-EU27 (from 2020),Total,Total,Geneva Convention status,Poland,2013,5,,
ESTAT:TPS00193(1.0),03/04/25 11:00:00,Annual,Person,Extra-EU27 (from 2020),Total,Total,Geneva Convention status,Poland,2014,5,,
ESTAT:TPS00193(1.0),03/04/25 11:00:00,Annual,Person,Extra-EU27 (from 2020),Total,Total,Geneva Convention status,Poland,2015,10,,
ESTAT:TPS00193(1.0),03/04/25 11:00:00,Annual,Person,Extra-EU27 (from 2020),Total,Total,Geneva Convention status,Poland,2016,20,,
ESTAT:TPS00193(1.0),03/04/25 11:00:00,Annual,Person,Extra-EU27 (from 2020),Total,Total,Geneva Convention status,Poland,2017,0,,
ESTAT:TPS00193(1.0),03/04/25 11:00:00,Annual,Person,Extra-EU27 (from 2020),Total,Total,Geneva Convention status,Poland,2018,20,,
ESTAT:TPS00193(1.0),03/04/25 11:00:00,Annual,Person,Extra-EU27 (from 2020),Total,Total,Geneva Convention status,Poland,2019,5,,
ESTAT:TPS00193(1.0),03/04/25 11:00:00,Annual,Person,Extra-EU27 (from 2020),Total,Total,Geneva Convention status,Poland,2020,0,,
ESTAT:TPS00193(1.0),03/04/25 11:00:00,Annual,Person,Extra-EU27 (from 2020),Total,Total,Geneva Convention status,Poland,2021,0,,
ESTAT:TPS00193(1.0),03/04/25 11:00:00,Annual,Person,Extra-EU27 (from 2020),Total,Total,Geneva Convention status,Poland,2022,5,,
ESTAT:TPS00193(1.0),03/04/25 11:00:00,Annual,Person,Extra-EU27 (from 2020),Total,Total,Geneva Convention status,Poland,2023,15,,
ESTAT:TPS00193(1.0),03/04/25 11:00:00,Annual,Person,Extra-EU27 (from 2020),Total,Total,Geneva Convention status,Poland,2024,0,,
ESTAT:TPS00193(1.0),03/04/25 11:00:00,Annual,Person,Extra-EU27 (from 2020),Total,Total,Geneva Convention status,Portugal,2013,0,,
ESTAT:TPS00193(1.0),03/04/25 11:00:00,Annual,Person,Extra-EU27 (from 2020),Total,Total,Geneva Convention status,Portugal,2014,0,,
ESTAT:TPS00193(1.0),03/04/25 11:00:00,Annual,Person,Extra-EU27 (from 2020),Total,Total,Geneva Convention status,Portugal,2015,0,,
ESTAT:TPS00193(1.0),03/04/25 11:00:00,Annual,Person,Extra-EU27 (from 2020),Total,Total,Geneva Convention status,Portugal,2016,0,,
ESTAT:TPS00193(1.0),03/04/25 11:00:00,Annual,Person,Extra-EU27 (from 2020),Total,Total,Geneva Convention status,Portugal,2017,0,,
ESTAT:TPS00193(1.0),03/04/25 11:00:00,Annual,Person,Extra-EU27 (from 2020),Total,Total,Geneva Convention status,Portugal,2018,0,,
ESTAT:TPS00193(1.0),03/04/25 11:00:00,Annual,Person,Extra-EU27 (from 2020),Total,Total,Geneva Convention status,Portugal,2019,0,,
ESTAT:TPS00193(1.0),03/04/25 11:00:00,Annual,Person,Extra-EU27 (from 2020),Total,Total,Geneva Convention status,Portugal,2020,0,,
ESTAT:TPS00193(1.0),03/04/25 11:00:00,Annual,Person,Extra-EU27 (from 2020),Total,Total,Geneva Convention status,Portugal,2021,0,,
ESTAT:TPS00193(1.0),03/04/25 11:00:00,Annual,Person,Extra-EU27 (from 2020),Total,Total,Geneva Convention status,Portugal,2022,0,,
ESTAT:TPS00193(1.0),03/04/25 11:00:00,Annual,Person,Extra-EU27 (from 2020),Total,Total,Geneva Convention status,Portugal,2023,0,,
ESTAT:TPS00193(1.0),03/04/25 11:00:00,Annual,Person,Extra-EU27 (from 2020),Total,Total,Geneva Convention status,Portugal,2024,0,,
ESTAT:TPS00193(1.0),03/04/25 11:00:00,Annual,Person,Extra-EU27 (from 2020),Total,Total,Geneva Convention status,Romania,2013,390,,
ESTAT:TPS00193(1.0),03/04/25 11:00:00,Annual,Person,Extra-EU27 (from 2020),Total,Total,Geneva Convention status,Romania,2014,5,,
ESTAT:TPS00193(1.0),03/04/25 11:00:00,Annual,Person,Extra-EU27 (from 2020),Total,Total,Geneva Convention status,Romania,2015,10,,
ESTAT:TPS00193(1.0),03/04/25 11:00:00,Annual,Person,Extra-EU27 (from 2020),Total,Total,Geneva Convention status,Romania,2016,5,,
ESTAT:TPS00193(1.0),03/04/25 11:00:00,Annual,Person,Extra-EU27 (from 2020),Total,Total,Geneva Convention status,Romania,2017,5,,
ESTAT:TPS00193(1.0),03/04/25 11:00:00,Annual,Person,Extra-EU27 (from 2020),Total,Total,Geneva Convention status,Romania,2018,15,,
ESTAT:TPS00193(1.0),03/04/25 11:00:00,Annual,Person,Extra-EU27 (from 2020),Total,Total,Geneva Convention status,Romania,2019,25,,
ESTAT:TPS00193(1.0),03/04/25 11:00:00,Annual,Person,Extra-EU27 (from 2020),Total,Total,Geneva Convention status,Romania,2020,30,,
ESTAT:TPS00193(1.0),03/04/25 11:00:00,Annual,Person,Extra-EU27 (from 2020),Total,Total,Geneva Convention status,Romania,2021,10,,
ESTAT:TPS00193(1.0),03/04/25 11:00:00,Annual,Person,Extra-EU27 (from 2020),Total,Total,Geneva Convention status,Romania,2022,10,,
ESTAT:TPS00193(1.0),03/04/25 11:00:00,Annual,Person,Extra-EU27 (from 2020),Total,Total,Geneva Convention status,Romania,2023,25,,
ESTAT:TPS00193(1.0),03/04/25 11:00:00,Annual,Person,Extra-EU27 (from 2020),Total,Total,Geneva Convention status,Romania,2024,20,,
ESTAT:TPS00193(1.0),03/04/25 11:00:00,Annual,Person,Extra-EU27 (from 2020),Total,Total,Geneva Convention status,Sweden,2013,685,,
ESTAT:TPS00193(1.0),03/04/25 11:00:00,Annual,Person,Extra-EU27 (from 2020),Total,Total,Geneva Convention status,Sweden,2014,750,,
ESTAT:TPS00193(1.0),03/04/25 11:00:00,Annual,Person,Extra-EU27 (from 2020),Total,Total,Geneva Convention status,Sweden,2015,745,,
ESTAT:TPS00193(1.0),03/04/25 11:00:00,Annual,Person,Extra-EU27 (from 2020),Total,Total,Geneva Convention status,Sweden,2016,1120,,
ESTAT:TPS00193(1.0),03/04/25 11:00:00,Annual,Person,Extra-EU27 (from 2020),Total,Total,Geneva Convention status,Sweden,2017,1340,,
ESTAT:TPS00193(1.0),03/04/25 11:00:00,Annual,Person,Extra-EU27 (from 2020),Total,Total,Geneva Convention status,Sweden,2018,1515,,
ESTAT:TPS00193(1.0),03/04/25 11:00:00,Annual,Person,Extra-EU27 (from 2020),Total,Total,Geneva Convention status,Sweden,2019,1260,,
ESTAT:TPS00193(1.0),03/04/25 11:00:00,Annual,Person,Extra-EU27 (from 2020),Total,Total,Geneva Convention status,Sweden,2020,740,,
ESTAT:TPS00193(1.0),03/04/25 11:00:00,Annual,Person,Extra-EU27 (from 2020),Total,Total,Geneva Convention status,Sweden,2021,890,,
ESTAT:TPS00193(1.0),03/04/25 11:00:00,Annual,Person,Extra-EU27 (from 2020),Total,Total,Geneva Convention status,Sweden,2022,590,,
ESTAT:TPS00193(1.0),03/04/25 11:00:00,Annual,Person,Extra-EU27 (from 2020),Total,Total,Geneva Convention status,Sweden,2023,565,,
ESTAT:TPS00193(1.0),03/04/25 11:00:00,Annual,Person,Extra-EU27 (from 2020),Total,Total,Geneva Convention status,Sweden,2024,285,,
ESTAT:TPS00193(1.0),03/04/25 11:00:00,Annual,Person,Extra-EU27 (from 2020),Total,Total,Geneva Convention status,Slovenia,2013,0,,
ESTAT:TPS00193(1.0),03/04/25 11:00:00,Annual,Person,Extra-EU27 (from 2020),Total,Total,Geneva Convention status,Slovenia,2014,0,,
ESTAT:TPS00193(1.0),03/04/25 11:00:00,Annual,Person,Extra-EU27 (from 2020),Total,Total,Geneva Convention status,Slovenia,2015,5,,
ESTAT:TPS00193(1.0),03/04/25 11:00:00,Annual,Person,Extra-EU27 (from 2020),Total,Total,Geneva Convention status,Slovenia,2016,5,,
ESTAT:TPS00193(1.0),03/04/25 11:00:00,Annual,Person,Extra-EU27 (from 2020),Total,Total,Geneva Convention status,Slovenia,2017,0,,
ESTAT:TPS00193(1.0),03/04/25 11:00:00,Annual,Person,Extra-EU27 (from 2020),Total,Total,Geneva Convention status,Slovenia,2018,0,,
ESTAT:TPS00193(1.0),03/04/25 11:00:00,Annual,Person,Extra-EU27 (from 2020),Total,Total,Geneva Convention status,Slovenia,2019,15,,
ESTAT:TPS00193(1.0),03/04/25 11:00:00,Annual,Person,Extra-EU27 (from 2020),Total,Total,Geneva Convention status,Slovenia,2020,5,,
ESTAT:TPS00193(1.0),03/04/25 11:00:00,Annual,Person,Extra-EU27 (from 2020),Total,Total,Geneva Convention status,Slovenia,2021,5,,
ESTAT:TPS00193(1.0),03/04/25 11:00:00,Annual,Person,Extra-EU27 (from 2020),Total,Total,Geneva Convention status,Slovenia,2022,5,,
ESTAT:TPS00193(1.0),03/04/25 11:00:00,Annual,Person,Extra-EU27 (from 2020),Total,Total,Geneva Convention status,Slovenia,2023,0,,
ESTAT:TPS00193(1.0),03/04/25 11:00:00,Annual,Person,Extra-EU27 (from 2020),Total,Total,Geneva Convention status,Slovenia,2024,0,,
ESTAT:TPS00193(1.0),03/04/25 11:00:00,Annual,Person,Extra-EU27 (from 2020),Total,Total,Geneva Convention status,Slovakia,2013,0,,
ESTAT:TPS00193(1.0),03/04/25 11:00:00,Annual,Person,Extra-EU27 (from 2020),Total,Total,Geneva Convention status,Slovakia,2014,0,,
ESTAT:TPS00193(1.0),03/04/25 11:00:00,Annual,Person,Extra-EU27 (from 2020),Total,Total,Geneva Convention status,Slovakia,2015,0,,
ESTAT:TPS00193(1.0),03/04/25 11:00:00,Annual,Person,Extra-EU27 (from 2020),Total,Total,Geneva Convention status,Slovakia,2016,5,,
ESTAT:TPS00193(1.0),03/04/25 11:00:00,Annual,Person,Extra-EU27 (from 2020),Total,Total,Geneva Convention status,Slovakia,2017,0,,
ESTAT:TPS00193(1.0),03/04/25 11:00:00,Annual,Person,Extra-EU27 (from 2020),Total,Total,Geneva Convention status,Slovakia,2018,0,,
ESTAT:TPS00193(1.0),03/04/25 11:00:00,Annual,Person,Extra-EU27 (from 2020),Total,Total,Geneva Convention status,Slovakia,2019,5,,
ESTAT:TPS00193(1.0),03/04/25 11:00:00,Annual,Person,Extra-EU27 (from 2020),Total,Total,Geneva Convention status,Slovakia,2020,0,,
ESTAT:TPS00193(1.0),03/04/25 11:00:00,Annual,Person,Extra-EU27 (from 2020),Total,Total,Geneva Convention status,Slovakia,2021,10,,
ESTAT:TPS00193(1.0),03/04/25 11:00:00,Annual,Person,Extra-EU27 (from 2020),Total,Total,Geneva Convention status,Slovakia,2022,5,,
ESTAT:TPS00193(1.0),03/04/25 11:00:00,Annual,Person,Extra-EU27 (from 2020),Total,Total,Geneva Convention status,Slovakia,2023,5,,
ESTAT:TPS00193(1.0),03/04/25 11:00:00,Annual,Person,Extra-EU27 (from 2020),Total,Total,Geneva Convention status,Slovakia,2024,5,,
ESTAT:TPS00193(1.0),03/04/25 11:00:00,Annual,Person,Extra-EU27 (from 2020),Total,Total,Geneva Convention status,United Kingdom,2013,3770,,
ESTAT:TPS00193(1.0),03/04/25 11:00:00,Annual,Person,Extra-EU27 (from 2020),Total,Total,Geneva Convention status,United Kingdom,2014,2700,,
ESTAT:TPS00193(1.0),03/04/25 11:00:00,Annual,Person,Extra-EU27 (from 2020),Total,Total,Geneva Convention status,United Kingdom,2015,4030,,
ESTAT:TPS00193(1.0),03/04/25 11:00:00,Annual,Person,Extra-EU27 (from 2020),Total,Total,Geneva Convention status,United Kingdom,2016,6170,,
ESTAT:TPS00193(1.0),03/04/25 11:00:00,Annual,Person,Extra-EU27 (from 2020),Total,Total,Geneva Convention status,United Kingdom,2017,6170,,
ESTAT:TPS00193(1.0),03/04/25 11:00:00,Annual,Person,Extra-EU27 (from 2020),Total,Total,Geneva Convention status,United Kingdom,2018,7510,,
ESTAT:TPS00193(1.0),03/04/25 11:00:00,Annual,Person,Extra-EU27 (from 2020),Total,Total,Geneva Convention status,United Kingdom,2019,9220,,
